course1,course2,course3,course4,mean
30,30,29,30,29.666666666666668
23,26,30,30,28.666666666666668
failed,27,29,27,27.666666666666668
24,25,26,30,27.0
21,24,28,27,26.333333333333332
failed,28,26,24,26.0
24,29,23,26,26.0
19,20,27,27,24.666666666666668
24,25,27,21,24.333333333333332
24,18,30,20,22.666666666666668
20,20,18,18,18.666666666666668
